Project ID,R/Rmd Script,Execution Status,Reason,Error Message,Binder Link
25a6x,BeliefsScale_IRT_Rscript.R,Failed,Container Issue,Missing Package,https://mybinder.org/v2/gh/code-inspect-binder/osf_25a6x/HEAD?urlpath=rstudio
2phst,mse_values_for_density_smoother.R,Failed,Code Issue,Invalid File or Directory Path,https://mybinder.org/v2/gh/code-inspect-binder/osf_2phst/HEAD?urlpath=rstudio
2phst,mse_values_latent_space_diffusion_slurm.R,Failed,Container Issue,Missing Package,https://mybinder.org/v2/gh/code-inspect-binder/osf_2phst/HEAD?urlpath=rstudio
2qjn5,redraw_figures.R,Failed,Container Issue,System-Level Dependency Missing,https://mybinder.org/v2/gh/code-inspect-binder/osf_2qjn5/HEAD?urlpath=rstudio
2qjn5,dump_csv.R,Failed,Container Issue,Shared Library Load Error,https://mybinder.org/v2/gh/code-inspect-binder/osf_2qjn5/HEAD?urlpath=rstudio
2sguf,US attitude code.R,Failed,Container Issue,Shared Library Load Error,https://mybinder.org/v2/gh/code-inspect-binder/osf_2sguf/HEAD?urlpath=rstudio
2sz48,Model_Preference.R,Failed,Container Issue,Package Installation Failure,https://mybinder.org/v2/gh/code-inspect-binder/osf_2sz48/HEAD?urlpath=rstudio
2sz48,Model_Correctness.R,Failed,Container Issue,Package Installation Failure,https://mybinder.org/v2/gh/code-inspect-binder/osf_2sz48/HEAD?urlpath=rstudio
2uf8j,Negativity R.R,Failed,Code Issue,Missing Package,https://mybinder.org/v2/gh/code-inspect-binder/osf_2uf8j/HEAD?urlpath=rstudio
2yq8a,figure2.R,Failed,Code Issue,PDF Generation Error - Requires Screen Device,https://mybinder.org/v2/gh/code-inspect-binder/osf_2yq8a/HEAD?urlpath=rstudio
37rfb,prediction_plots.R,Failed,Code Issue,RStudio Environment Error,https://mybinder.org/v2/gh/code-inspect-binder/osf_37rfb/HEAD?urlpath=rstudio
37rfb,prediction_analyses.R,Failed,Code Issue,RStudio Environment Error,https://mybinder.org/v2/gh/code-inspect-binder/osf_37rfb/HEAD?urlpath=rstudio
3bn9u,4_4_identification.R,Failed,Container Issue,Package Installation Failure,https://mybinder.org/v2/gh/code-inspect-binder/osf_3bn9u/HEAD?urlpath=rstudio
3bn9u,4_1_deidentification.R,Failed,Container Issue,Package Installation Failure,https://mybinder.org/v2/gh/code-inspect-binder/osf_3bn9u/HEAD?urlpath=rstudio
3bpn6,os_testosterone_analysis.R,Failed,Container Issue,Missing Package,https://mybinder.org/v2/gh/code-inspect-binder/osf_3bpn6/HEAD?urlpath=rstudio
3bpn6,af_testosterone_analysis.R,Failed,Container Issue,Missing Package,https://mybinder.org/v2/gh/code-inspect-binder/osf_3bpn6/HEAD?urlpath=rstudio
3bpn6,all_navigation_models.R,Failed,Container Issue,Missing Package,https://mybinder.org/v2/gh/code-inspect-binder/osf_3bpn6/HEAD?urlpath=rstudio
3bpn6,dt_homing_dataproc.R,Failed,Container Issue,Shared Library Load Error,https://mybinder.org/v2/gh/code-inspect-binder/osf_3bpn6/HEAD?urlpath=rstudio
3bpn6,os_homing_dataproc.R,Failed,Container Issue,Shared Library Load Error,https://mybinder.org/v2/gh/code-inspect-binder/osf_3bpn6/HEAD?urlpath=rstudio
3bpn6,af_homing_dataproc.R,Failed,Container Issue,Shared Library Load Error,https://mybinder.org/v2/gh/code-inspect-binder/osf_3bpn6/HEAD?urlpath=rstudio
3bpn6,osylv_sitecomparison.R,Failed,Container Issue,Missing Package,https://mybinder.org/v2/gh/code-inspect-binder/osf_3bpn6/HEAD?urlpath=rstudio
3bpn6,all_spaceuse_dataproc.R,Failed,Container Issue,Missing Package,https://mybinder.org/v2/gh/code-inspect-binder/osf_3bpn6/HEAD?urlpath=rstudio
3fnjq,facebook_users.R,Failed,Code Issue,Missing Object or Function,https://mybinder.org/v2/gh/code-inspect-binder/osf_3fnjq/HEAD?urlpath=rstudio
3fnjq,campaign_messages.R,Failed,Code Issue,Missing Object or Function,https://mybinder.org/v2/gh/code-inspect-binder/osf_3fnjq/HEAD?urlpath=rstudio
3fnjq,facebook_pages.R,Failed,Code Issue,Invalid File or Directory Path,https://mybinder.org/v2/gh/code-inspect-binder/osf_3fnjq/HEAD?urlpath=rstudio
3gfqn,VADIS_genitives_outer_circle.R,Failed,Container Issue,Shared Library Load Error,https://mybinder.org/v2/gh/code-inspect-binder/osf_3gfqn/HEAD?urlpath=rstudio
3gfqn,VADIS_particles_InnerC-only.R,Failed,Container Issue,Shared Library Load Error,https://mybinder.org/v2/gh/code-inspect-binder/osf_3gfqn/HEAD?urlpath=rstudio
3hgpe,02_analysis.R,Failed,Container Issue,Package Installation Failure,https://mybinder.org/v2/gh/code-inspect-binder/osf_3hgpe/HEAD?urlpath=rstudio
3hgpe,01_data-preparation-variable-setup.R,Failed,Code Issue,Invalid File or Directory Path,https://mybinder.org/v2/gh/code-inspect-binder/osf_3hgpe/HEAD?urlpath=rstudio
3kem6,Rcode_Figure2.R,Failed,Container Issue,Shared Library Load Error,https://mybinder.org/v2/gh/code-inspect-binder/osf_3kem6/HEAD?urlpath=rstudio
3uyjt,preprocessing_hrs.R,Failed,Code Issue,Missing Object or Function,https://mybinder.org/v2/gh/code-inspect-binder/osf_3uyjt/HEAD?urlpath=rstudio
3uyjt,tree.R,Failed,Code Issue,File Read Error - Cannot Open Connection,https://mybinder.org/v2/gh/code-inspect-binder/osf_3uyjt/HEAD?urlpath=rstudio
3w8eg,All_Figures.R,Failed,Container Issue,Shared Library Load Error,https://mybinder.org/v2/gh/code-inspect-binder/osf_3w8eg/HEAD?urlpath=rstudio
3wy58,bivariate_model_summer_revision.R,Failed,Container Issue,Missing Package,https://mybinder.org/v2/gh/code-inspect-binder/osf_3wy58/HEAD?urlpath=rstudio
3wy58,bivariate_model_winter_revision.R,Failed,Container Issue,Missing Package,https://mybinder.org/v2/gh/code-inspect-binder/osf_3wy58/HEAD?urlpath=rstudio
42nyv,Eye tracking_pre-processing_R1.R,Failed,Code Issue,Invalid File or Directory Path,https://mybinder.org/v2/gh/code-inspect-binder/osf_42nyv/HEAD?urlpath=rstudio
49sq5,example_analysis.R,Failed,Code Issue,Syntax or Argument Error,https://mybinder.org/v2/gh/code-inspect-binder/osf_49sq5/HEAD?urlpath=rstudio
4a9b6,EXPLORATORY_Gaze Following_ANALYSES.R,Failed,Code Issue,Invalid File or Directory Path,https://mybinder.org/v2/gh/code-inspect-binder/osf_4a9b6/HEAD?urlpath=rstudio
4a9b6,PrefLook_functions.r,Successful,-,-,https://mybinder.org/v2/gh/code-inspect-binder/osf_4a9b6/HEAD?urlpath=rstudio
4anzm,norms_code.R,Failed,Code Issue,File Read Error - Cannot Open Connection,https://mybinder.org/v2/gh/code-inspect-binder/osf_4anzm/HEAD?urlpath=rstudio
4fvwe,load_my_functions.R,Failed,Code Issue,Missing Object or Function,https://mybinder.org/v2/gh/code-inspect-binder/osf_4fvwe/HEAD?urlpath=rstudio
4fvwe,print_result.R,Successful,-,-,https://mybinder.org/v2/gh/code-inspect-binder/osf_4fvwe/HEAD?urlpath=rstudio
4fvwe,return_BF_ttests.R,Successful,-,-,https://mybinder.org/v2/gh/code-inspect-binder/osf_4fvwe/HEAD?urlpath=rstudio
4kmdv,analysis code.R,Failed,Container Issue,Missing Package,https://mybinder.org/v2/gh/code-inspect-binder/osf_4kmdv/HEAD?urlpath=rstudio
4sjxz,ScenePrimingCFS_Analysis.R,Failed,Container Issue,Missing Package,https://mybinder.org/v2/gh/code-inspect-binder/osf_4sjxz/HEAD?urlpath=rstudio
53w96,INLA_GHG_GMD.R,Failed,Container Issue,Missing Package,https://mybinder.org/v2/gh/code-inspect-binder/osf_53w96/HEAD?urlpath=rstudio
5ezfk,SWATCUPfunctions.R,Successful,-,-,https://mybinder.org/v2/gh/code-inspect-binder/osf_5ezfk/HEAD?urlpath=rstudio
5ezfk,ETfun.R,Successful,-,-,https://mybinder.org/v2/gh/code-inspect-binder/osf_5ezfk/HEAD?urlpath=rstudio
5ezfk,SantaLuciaStationsToPCPFile.R,Failed,Container Issue,Missing Package,https://mybinder.org/v2/gh/code-inspect-binder/osf_5ezfk/HEAD?urlpath=rstudio
5hpjn,NetworkToolbox.R,Failed,Container Issue,Shared Library Load Error,https://mybinder.org/v2/gh/code-inspect-binder/osf_5hpjn/HEAD?urlpath=rstudio
5nh94,01b_fit_single_ergm.R,Failed,Container Issue,Package Installation Failure,https://mybinder.org/v2/gh/code-inspect-binder/osf_5nh94/HEAD?urlpath=rstudio
5nh94,F8_plot_efficiency_goodness_of_fit.R,Failed,Container Issue,Missing Package,https://mybinder.org/v2/gh/code-inspect-binder/osf_5nh94/HEAD?urlpath=rstudio
5qx7e,Descriptives_Tables_1_2_S1_S2.R,Failed,Container Issue,Package Installation Failure,https://mybinder.org/v2/gh/code-inspect-binder/osf_5qx7e/HEAD?urlpath=rstudio
5s34w,simpd_helper.R,Successful,-,-,https://mybinder.org/v2/gh/code-inspect-binder/osf_5s34w/HEAD?urlpath=rstudio
5xdbu,study2-rscript.R,Successful,-,-,https://mybinder.org/v2/gh/code-inspect-binder/osf_5xdbu/HEAD?urlpath=rstudio
5y27d,load_all_tables.R,Failed,Code Issue,File Read Error - Cannot Open Connection,https://mybinder.org/v2/gh/code-inspect-binder/osf_5y27d/HEAD?urlpath=rstudio
5y27d,tabulate_cases.R,Failed,Code Issue,Missing Object or Function,https://mybinder.org/v2/gh/code-inspect-binder/osf_5y27d/HEAD?urlpath=rstudio
5yvnb,analyse_final_Exp6_OSF.R,Failed,Container Issue,Missing Package,https://mybinder.org/v2/gh/code-inspect-binder/osf_5yvnb/HEAD?urlpath=rstudio
5yvnb,analyse_final_Exp5_OSF.R,Failed,Container Issue,Missing Package,https://mybinder.org/v2/gh/code-inspect-binder/osf_5yvnb/HEAD?urlpath=rstudio
62je8,DMS-NRSA-CA-QC-Figures.R,Failed,Container Issue,Missing Package,https://mybinder.org/v2/gh/code-inspect-binder/osf_62je8/HEAD?urlpath=rstudio
6579b,03_Supplement.R,Failed,Code Issue,File Read Error - Cannot Open Connection,https://mybinder.org/v2/gh/code-inspect-binder/osf_6579b/HEAD?urlpath=rstudio
6579b,02_Main_Analyses.R,Failed,Code Issue,File Read Error - Cannot Open Connection,https://mybinder.org/v2/gh/code-inspect-binder/osf_6579b/HEAD?urlpath=rstudio
67ncp,duque_etal_2020_rcode.R,Failed,Container Issue,Missing Package,https://mybinder.org/v2/gh/code-inspect-binder/osf_67ncp/HEAD?urlpath=rstudio
67ncp,duque_etal_2019_rcode.R,Failed,Container Issue,Missing Package,https://mybinder.org/v2/gh/code-inspect-binder/osf_67ncp/HEAD?urlpath=rstudio
6g4js,Graphics_Section_5.R,Failed,Code Issue,Missing Object or Function,https://mybinder.org/v2/gh/code-inspect-binder/osf_6g4js/HEAD?urlpath=rstudio
6g4js,Analyses_Section_4.R,Successful,-,-,https://mybinder.org/v2/gh/code-inspect-binder/osf_6g4js/HEAD?urlpath=rstudio
6hx2n,DM_a_k.R,Failed,Code Issue,Missing Object or Function,https://mybinder.org/v2/gh/code-inspect-binder/osf_6hx2n/HEAD?urlpath=rstudio
6jmke,custom_functions.R,Successful,-,-,https://mybinder.org/v2/gh/code-inspect-binder/osf_6jmke/HEAD?urlpath=rstudio
6pq9e,Model.R,Failed,Container Issue,Missing Package,https://mybinder.org/v2/gh/code-inspect-binder/osf_6pq9e/HEAD?urlpath=rstudio
6q73b,SubgroupStatsSimulationV5.R,Successful,-,-,https://mybinder.org/v2/gh/code-inspect-binder/osf_6q73b/HEAD?urlpath=rstudio
6qej7,ECoach Functions.R,Successful,-,-,https://mybinder.org/v2/gh/code-inspect-binder/osf_6qej7/HEAD?urlpath=rstudio
6ukwg,utility_functions.R,Successful,-,-,https://mybinder.org/v2/gh/code-inspect-binder/osf_6ukwg/HEAD?urlpath=rstudio
6ukwg,codes_reanalysis.R,Failed,Container Issue,Missing Package,https://mybinder.org/v2/gh/code-inspect-binder/osf_6ukwg/HEAD?urlpath=rstudio
6ukwg,stuart.R,Failed,Code Issue,File Read Error - Cannot Open Connection,https://mybinder.org/v2/gh/code-inspect-binder/osf_6ukwg/HEAD?urlpath=rstudio
6ya5d,Power_Analysis_OSF_22.R,Failed,Container Issue,Package Installation Failure,https://mybinder.org/v2/gh/code-inspect-binder/osf_6ya5d/HEAD?urlpath=rstudio
6z79s,bi.conv.networks.R,Failed,Container Issue,Shared Library Load Error,https://mybinder.org/v2/gh/code-inspect-binder/osf_6z79s/HEAD?urlpath=rstudio
73y8p,RAQ-R_reliability after exclusion.R,Failed,Code Issue,Invalid File or Directory Path,https://mybinder.org/v2/gh/code-inspect-binder/osf_73y8p/HEAD?urlpath=rstudio
73y8p,RAQ-R_Analyses.R,Failed,Code Issue,Package Installation Failure,https://mybinder.org/v2/gh/code-inspect-binder/osf_73y8p/HEAD?urlpath=rstudio
74qnu,Script_Predicting_Social_Skill_Expression.R,Failed,Code Issue,Data Structure Mismatch,https://mybinder.org/v2/gh/code-inspect-binder/osf_74qnu/HEAD?urlpath=rstudio
7h94n,Malawi_ordination.R,Successful,-,-,https://mybinder.org/v2/gh/code-inspect-binder/osf_7h94n/HEAD?urlpath=rstudio
7h94n,Malawi_interpolation.R,Successful,-,-,https://mybinder.org/v2/gh/code-inspect-binder/osf_7h94n/HEAD?urlpath=rstudio
7mey8,stan_CON_adriana_pools5i.r,Failed,Code Issue,Modeling Package Error (Stan),https://mybinder.org/v2/gh/code-inspect-binder/osf_7mey8/HEAD?urlpath=rstudio
7mey8,stan_AWB_adriana_pools5i_vary_mic.r,Failed,Code Issue,Modeling Package Error (Stan),https://mybinder.org/v2/gh/code-inspect-binder/osf_7mey8/HEAD?urlpath=rstudio
7v4ep,Collaboration boosts career progression_part 1.R,Failed,Container Issue,Shared Library Load Error,https://mybinder.org/v2/gh/code-inspect-binder/osf_7v4ep/HEAD?urlpath=rstudio
7v4ep,Collaboration boosts career progression_part 2.R,Failed,Container Issue,Missing Package,https://mybinder.org/v2/gh/code-inspect-binder/osf_7v4ep/HEAD?urlpath=rstudio
7vbtr,Gyurkovics_Stafford_Levita_analyses.R,Failed,Container Issue,Missing Package,https://mybinder.org/v2/gh/code-inspect-binder/osf_7vbtr/HEAD?urlpath=rstudio
7xsfj,Fig05To08.R,Failed,Code Issue,Syntax or Argument Error,https://mybinder.org/v2/gh/code-inspect-binder/osf_7xsfj/HEAD?urlpath=rstudio
7z3mk,t1-stan-5.R,Failed,Code Issue,Missing Object or Function,https://mybinder.org/v2/gh/code-inspect-binder/osf_7z3mk/HEAD?urlpath=rstudio
8abj4,Exp1.R,Failed,Container Issue,Missing Package,https://mybinder.org/v2/gh/code-inspect-binder/osf_8abj4/HEAD?urlpath=rstudio
8abj4,Exp2.R,Failed,Container Issue,Missing Package,https://mybinder.org/v2/gh/code-inspect-binder/osf_8abj4/HEAD?urlpath=rstudio
8akru,workshop_example.R,Failed,Code Issue,Invalid File or Directory Path,https://mybinder.org/v2/gh/code-inspect-binder/osf_8akru/HEAD?urlpath=rstudio
8edp7,Social Factors COVID-19_Konrad.R,Failed,Code Issue,Syntax or Argument Error,https://mybinder.org/v2/gh/code-inspect-binder/osf_8edp7/HEAD?urlpath=rstudio
8fsbd,IMDB_analysis.r,Failed,Code Issue,Invalid File or Directory Path,https://mybinder.org/v2/gh/code-inspect-binder/osf_8fsbd/HEAD?urlpath=rstudio
8fw3b,QPsyAnalyse.R,Failed,Code Issue,Invalid File or Directory Path,https://mybinder.org/v2/gh/code-inspect-binder/osf_8fw3b/HEAD?urlpath=rstudio
8fzns,1_Get_Item-Params_TR.R,Failed,Container Issue,Missing Package,https://mybinder.org/v2/gh/code-inspect-binder/osf_8fzns/HEAD?urlpath=rstudio
8fzns,0_Data-Prep.R,Failed,Code Issue,Missing Object or Function,https://mybinder.org/v2/gh/code-inspect-binder/osf_8fzns/HEAD?urlpath=rstudio
8fzns,4H_PV_helper.R,Successful,-,-,https://mybinder.org/v2/gh/code-inspect-binder/osf_8fzns/HEAD?urlpath=rstudio
8fzns,2_Conditioning_Recode.R,Failed,Code Issue,Invalid File or Directory Path,https://mybinder.org/v2/gh/code-inspect-binder/osf_8fzns/HEAD?urlpath=rstudio
8fzns,3H_IRT_helper.R,Successful,-,-,https://mybinder.org/v2/gh/code-inspect-binder/osf_8fzns/HEAD?urlpath=rstudio
8fzns,3_IRT.R,Failed,Code Issue,Invalid File or Directory Path,https://mybinder.org/v2/gh/code-inspect-binder/osf_8fzns/HEAD?urlpath=rstudio
8fzns,2H_Recode_helper.R,Successful,-,-,https://mybinder.org/v2/gh/code-inspect-binder/osf_8fzns/HEAD?urlpath=rstudio
92e6c,hadza_combine_data.R,Failed,Container Issue,Missing Package,https://mybinder.org/v2/gh/code-inspect-binder/osf_92e6c/HEAD?urlpath=rstudio
92e6c,analyze_scan_model_hadza.R,Failed,Container Issue,Missing Package,https://mybinder.org/v2/gh/code-inspect-binder/osf_92e6c/HEAD?urlpath=rstudio
92e6c,fill_summary_table.R,Failed,Code Issue,Missing Object or Function,https://mybinder.org/v2/gh/code-inspect-binder/osf_92e6c/HEAD?urlpath=rstudio
92e6c,hadza_returns_model.R,Failed,Code Issue,File Read Error - Cannot Open Connection,https://mybinder.org/v2/gh/code-inspect-binder/osf_92e6c/HEAD?urlpath=rstudio
938ye,Descriptive_statistics.R,Failed,Code Issue,RStudio Environment Error,https://mybinder.org/v2/gh/code-inspect-binder/osf_938ye/HEAD?urlpath=rstudio
938ye,Apriori_group_differences.R,Failed,Code Issue,File Read Error - Cannot Open Connection,https://mybinder.org/v2/gh/code-inspect-binder/osf_938ye/HEAD?urlpath=rstudio
938ye,Statistical_models_no_T3_criticals.R,Failed,Container Issue,Missing Package,https://mybinder.org/v2/gh/code-inspect-binder/osf_938ye/HEAD?urlpath=rstudio
9e3cu,sat_curve.R,Successful,-,-,https://mybinder.org/v2/gh/code-inspect-binder/osf_9e3cu/HEAD?urlpath=rstudio
9e3cu,visualization_code.R,Successful,-,-,https://mybinder.org/v2/gh/code-inspect-binder/osf_9e3cu/HEAD?urlpath=rstudio
9e3cu,BCA_activity_answers.R,Failed,Code Issue,Missing Object or Function,https://mybinder.org/v2/gh/code-inspect-binder/osf_9e3cu/HEAD?urlpath=rstudio
9e3cu,titration_answers.R,Failed,Code Issue,Missing Object or Function,https://mybinder.org/v2/gh/code-inspect-binder/osf_9e3cu/HEAD?urlpath=rstudio
9e3cu,BCA_dilution_answers.R,Failed,Code Issue,Missing Object or Function,https://mybinder.org/v2/gh/code-inspect-binder/osf_9e3cu/HEAD?urlpath=rstudio
9gjyc,Simulations Evidence level.R,Failed,Code Issue,File Read Error - Cannot Open Connection,https://mybinder.org/v2/gh/code-inspect-binder/osf_9gjyc/HEAD?urlpath=rstudio
9gjyc,BRMS + Figure4.R,Successful,-,-,https://mybinder.org/v2/gh/code-inspect-binder/osf_9gjyc/HEAD?urlpath=rstudio
9jxzs,07_analysis_rheology.R,Failed,Code Issue,Invalid File or Directory Path,https://mybinder.org/v2/gh/code-inspect-binder/osf_9jxzs/HEAD?urlpath=rstudio
9jxzs,03_analysis_color.R,Failed,Code Issue,Invalid File or Directory Path,https://mybinder.org/v2/gh/code-inspect-binder/osf_9jxzs/HEAD?urlpath=rstudio
9mc84,preprocessing.R,Successful,-,-,https://mybinder.org/v2/gh/code-inspect-binder/osf_9mc84/HEAD?urlpath=rstudio
9qbwv,helper.R,Successful,-,-,https://mybinder.org/v2/gh/code-inspect-binder/osf_9qbwv/HEAD?urlpath=rstudio
9tnmv,Exp2_OnlineExp_POST.R,Successful,-,-,https://mybinder.org/v2/gh/code-inspect-binder/osf_9tnmv/HEAD?urlpath=rstudio
9tnmv,Exp1a_Election_post.R,Failed,Container Issue,Package Installation Failure,https://mybinder.org/v2/gh/code-inspect-binder/osf_9tnmv/HEAD?urlpath=rstudio
9tnmv,Exp4_buddhist_post.R,Successful,-,-,https://mybinder.org/v2/gh/code-inspect-binder/osf_9tnmv/HEAD?urlpath=rstudio
a3yd4,Functions_IRT.R,Successful,-,-,https://mybinder.org/v2/gh/code-inspect-binder/osf_a3yd4/HEAD?urlpath=rstudio
a9bv6,sanet_2.R,Successful,-,-,https://mybinder.org/v2/gh/code-inspect-binder/osf_a9bv6/HEAD?urlpath=rstudio
abts4,DECEPTION-ProbitSDT-v1.R,Failed,Code Issue,File Selection Error,https://mybinder.org/v2/gh/code-inspect-binder/osf_abts4/HEAD?urlpath=rstudio
aczx5,220423_Fig04_Use_JargExpl.R,Successful,-,-,https://mybinder.org/v2/gh/code-inspect-binder/osf_aczx5/HEAD?urlpath=rstudio
aczx5,220423_FinalModelEstimation.R,Failed,Container Issue,Package Installation Failure,https://mybinder.org/v2/gh/code-inspect-binder/osf_aczx5/HEAD?urlpath=rstudio
aczx5,220423_Fig06_Under_JargExpl.R,Successful,-,-,https://mybinder.org/v2/gh/code-inspect-binder/osf_aczx5/HEAD?urlpath=rstudio
b4gc7,workshop_example.R,Failed,Code Issue,Invalid File or Directory Path,https://mybinder.org/v2/gh/code-inspect-binder/osf_b4gc7/HEAD?urlpath=rstudio
bfq39,Code_LMMs_BestPractice_Example_withOutput.R,Failed,Code Issue,File Read Error - Cannot Open Connection,https://mybinder.org/v2/gh/code-inspect-binder/osf_bfq39/HEAD?urlpath=rstudio
bfq39,Code_LMMs_Code_BestPractice_Example.R,Failed,Code Issue,File Read Error - Cannot Open Connection,https://mybinder.org/v2/gh/code-inspect-binder/osf_bfq39/HEAD?urlpath=rstudio
bhrwx,evaluation_data_analysis.R,Failed,Code Issue,Missing Object or Function,https://mybinder.org/v2/gh/code-inspect-binder/osf_bhrwx/HEAD?urlpath=rstudio
bhrwx,script_for_the_analysis_of_game_data.R,Failed,Code Issue,Missing Object or Function,https://mybinder.org/v2/gh/code-inspect-binder/osf_bhrwx/HEAD?urlpath=rstudio
bkuwa,main_analysis_code.R,Failed,Container Issue,Missing Package,https://mybinder.org/v2/gh/code-inspect-binder/osf_bkuwa/HEAD?urlpath=rstudio
c8vfj,Analysis_Imitation_and_Token.R,Failed,Container Issue,Missing Package,https://mybinder.org/v2/gh/code-inspect-binder/osf_c8vfj/HEAD?urlpath=rstudio
c93vs,exp02_prep.R,Failed,Code Issue,Invalid File or Directory Path,https://mybinder.org/v2/gh/code-inspect-binder/osf_c93vs/HEAD?urlpath=rstudio
c93vs,exp01_prep.R,Failed,Code Issue,Invalid File or Directory Path,https://mybinder.org/v2/gh/code-inspect-binder/osf_c93vs/HEAD?urlpath=rstudio
cd5r8,R_Code_Buffinton_MorganShort.R,Failed,Container Issue,Missing Package,https://mybinder.org/v2/gh/code-inspect-binder/osf_cd5r8/HEAD?urlpath=rstudio
cd5r8,R_Code_Hui_et_al.R,Failed,Code Issue,Invalid File or Directory Path,https://mybinder.org/v2/gh/code-inspect-binder/osf_cd5r8/HEAD?urlpath=rstudio
cd5r8,Sim_Function.R,Successful,-,-,https://mybinder.org/v2/gh/code-inspect-binder/osf_cd5r8/HEAD?urlpath=rstudio
cd5r8,R_Code_Fang_Wu.R,Failed,Code Issue,Invalid File or Directory Path,https://mybinder.org/v2/gh/code-inspect-binder/osf_cd5r8/HEAD?urlpath=rstudio
cht59,01_tables_1_2.r,Failed,Code Issue,Invalid File or Directory Path,https://mybinder.org/v2/gh/code-inspect-binder/osf_cht59/HEAD?urlpath=rstudio
cqsr8,boosting_xgbDART.R,Failed,Code Issue,Missing Object or Function,https://mybinder.org/v2/gh/code-inspect-binder/osf_cqsr8/HEAD?urlpath=rstudio
cqsr8,plots.R,Failed,Code Issue,Missing Object or Function,https://mybinder.org/v2/gh/code-inspect-binder/osf_cqsr8/HEAD?urlpath=rstudio
csy8q,process_pdf.R,Failed,Container Issue,Missing Package,https://mybinder.org/v2/gh/code-inspect-binder/osf_csy8q/HEAD?urlpath=rstudio
cxv5k,data_preparation.R,Failed,Code Issue,File Read Error - Cannot Open Connection,https://mybinder.org/v2/gh/code-inspect-binder/osf_cxv5k/HEAD?urlpath=rstudio
cxv5k,R_functions_Kimmoun_et_al_final.R,Successful,-,-,https://mybinder.org/v2/gh/code-inspect-binder/osf_cxv5k/HEAD?urlpath=rstudio
d3tg5,Manuscript_main analyses.R,Failed,Code Issue,Invalid File or Directory Path,https://mybinder.org/v2/gh/code-inspect-binder/osf_d3tg5/HEAD?urlpath=rstudio
d4hjq,02_parameter_estimation.R,Successful,-,-,https://mybinder.org/v2/gh/code-inspect-binder/osf_d4hjq/HEAD?urlpath=rstudio
d9jny,Ter Schure (2021) R code ALL-IN meta-analysis paper.R,Failed,Container Issue,Missing Package,https://mybinder.org/v2/gh/code-inspect-binder/osf_d9jny/HEAD?urlpath=rstudio
dcw4x,04_figures_estimates_marginal_means.R,Failed,Code Issue,Missing Package,https://mybinder.org/v2/gh/code-inspect-binder/osf_dcw4x/HEAD?urlpath=rstudio
dez9b,BaIn_ANOVAinR.R,Failed,Code Issue,Missing Object or Function,https://mybinder.org/v2/gh/code-inspect-binder/osf_dez9b/HEAD?urlpath=rstudio
dgt8x,04-revisions.R,Failed,Code Issue,Missing Object or Function,https://mybinder.org/v2/gh/code-inspect-binder/osf_dgt8x/HEAD?urlpath=rstudio
dkq3f,eda_brms.R,Failed,Code Issue,RStudio Environment Error,https://mybinder.org/v2/gh/code-inspect-binder/osf_dkq3f/HEAD?urlpath=rstudio
dngyk,ESM-RUM_R_code.R,Failed,Container Issue,Missing Package,https://mybinder.org/v2/gh/code-inspect-binder/osf_dngyk/HEAD?urlpath=rstudio
dqjyh,Script.R,Successful,-,-,https://mybinder.org/v2/gh/code-inspect-binder/osf_dqjyh/HEAD?urlpath=rstudio
dr8gy,utils_surv.R,Successful,-,-,https://mybinder.org/v2/gh/code-inspect-binder/osf_dr8gy/HEAD?urlpath=rstudio
dr8gy,RCS_plot_LogisticCox.R,Successful,-,-,https://mybinder.org/v2/gh/code-inspect-binder/osf_dr8gy/HEAD?urlpath=rstudio
drv3a,illustration.R,Successful,-,-,https://mybinder.org/v2/gh/code-inspect-binder/osf_drv3a/HEAD?urlpath=rstudio
dzwct,Fisher_Z_3PERIODS_std.R,Failed,Code Issue,Invalid File or Directory Path,https://mybinder.org/v2/gh/code-inspect-binder/osf_dzwct/HEAD?urlpath=rstudio
dzwct,Fisher_Z_3PERIODS_median.R,Failed,Code Issue,Invalid File or Directory Path,https://mybinder.org/v2/gh/code-inspect-binder/osf_dzwct/HEAD?urlpath=rstudio
ecjy6,CortStressResponse.R,Failed,Container Issue,Missing Package,https://mybinder.org/v2/gh/code-inspect-binder/osf_ecjy6/HEAD?urlpath=rstudio
eg6w5,experiment1c_analyses.R,Failed,Container Issue,Missing Package,https://mybinder.org/v2/gh/code-inspect-binder/osf_eg6w5/HEAD?urlpath=rstudio
eg6w5,experiment1d_analyses.R,Failed,Container Issue,Missing Package,https://mybinder.org/v2/gh/code-inspect-binder/osf_eg6w5/HEAD?urlpath=rstudio
eg6w5,experiment1b_analyses.R,Failed,Container Issue,Missing Package,https://mybinder.org/v2/gh/code-inspect-binder/osf_eg6w5/HEAD?urlpath=rstudio
eks6u,demo_script_2018_10_02.R,Successful,-,-,https://mybinder.org/v2/gh/code-inspect-binder/osf_eks6u/HEAD?urlpath=rstudio
emwgp,comparison_smooth.R,Failed,Code Issue,Invalid File or Directory Path,https://mybinder.org/v2/gh/code-inspect-binder/osf_emwgp/HEAD?urlpath=rstudio
emwgp,ppfs.R,Failed,Code Issue,Invalid File or Directory Path,https://mybinder.org/v2/gh/code-inspect-binder/osf_emwgp/HEAD?urlpath=rstudio
emwgp,projpred.R,Failed,Code Issue,Missing Object or Function,https://mybinder.org/v2/gh/code-inspect-binder/osf_emwgp/HEAD?urlpath=rstudio
ex9fj,RCode_Final_24Feb20.R,Failed,Code Issue,Data Structure Mismatch,https://mybinder.org/v2/gh/code-inspect-binder/osf_ex9fj/HEAD?urlpath=rstudio
ezdgt,3_Regression analyses.R,Failed,Container Issue,Missing Package,https://mybinder.org/v2/gh/code-inspect-binder/osf_ezdgt/HEAD?urlpath=rstudio
f3qrh,Kim Skalicky and Jung - R syntax.R,Failed,Code Issue,RStudio Environment Error,https://mybinder.org/v2/gh/code-inspect-binder/osf_f3qrh/HEAD?urlpath=rstudio
f6qsk,analysis_exp1.R,Failed,Code Issue,Invalid File or Directory Path,https://mybinder.org/v2/gh/code-inspect-binder/osf_f6qsk/HEAD?urlpath=rstudio
f6qsk,analysis_exp2.R,Failed,Code Issue,Invalid File or Directory Path,https://mybinder.org/v2/gh/code-inspect-binder/osf_f6qsk/HEAD?urlpath=rstudio
fb5tw,figure_pp_check.R,Failed,Container Issue,Missing Package,https://mybinder.org/v2/gh/code-inspect-binder/osf_fb5tw/HEAD?urlpath=rstudio
fb5tw,figure_main.R,Failed,Container Issue,Missing Package,https://mybinder.org/v2/gh/code-inspect-binder/osf_fb5tw/HEAD?urlpath=rstudio
fb5tw,figure_individual_fits.R,Failed,Container Issue,Missing Package,https://mybinder.org/v2/gh/code-inspect-binder/osf_fb5tw/HEAD?urlpath=rstudio
fb5tw,plotting_style.R,Failed,Container Issue,Missing Package,https://mybinder.org/v2/gh/code-inspect-binder/osf_fb5tw/HEAD?urlpath=rstudio
fbj3z,R Script for Field & Wilcox (2017).R,Failed,Container Issue,Missing Package,https://mybinder.org/v2/gh/code-inspect-binder/osf_fbj3z/HEAD?urlpath=rstudio
fbshg,ComF_helpers.R,Successful,-,-,https://mybinder.org/v2/gh/code-inspect-binder/osf_fbshg/HEAD?urlpath=rstudio
fbshg,ComF_SOM_Rcode.R,Successful,-,-,https://mybinder.org/v2/gh/code-inspect-binder/osf_fbshg/HEAD?urlpath=rstudio
fegvr,Analysis.R,Failed,Container Issue,Shared Library Load Error,https://mybinder.org/v2/gh/code-inspect-binder/osf_fegvr/HEAD?urlpath=rstudio
fr5ed,01_data_prepare.R,Successful,-,-,https://mybinder.org/v2/gh/code-inspect-binder/osf_fr5ed/HEAD?urlpath=rstudio
fr5ed,03_posterior_visualization_country_contrast.R,Failed,Container Issue,Missing Package,https://mybinder.org/v2/gh/code-inspect-binder/osf_fr5ed/HEAD?urlpath=rstudio
fr5ed,02_analysis_single_estimate.R,Failed,Container Issue,Missing Package,https://mybinder.org/v2/gh/code-inspect-binder/osf_fr5ed/HEAD?urlpath=rstudio
fsbzw,functions.R,Successful,-,-,https://mybinder.org/v2/gh/code-inspect-binder/osf_fsbzw/HEAD?urlpath=rstudio
fsbzw,plot.fix.e1.R,Successful,-,-,https://mybinder.org/v2/gh/code-inspect-binder/osf_fsbzw/HEAD?urlpath=rstudio
fvw2k,Murrayetal_SurfaceR_Code.R,Failed,Code Issue,Syntax or Argument Error,https://mybinder.org/v2/gh/code-inspect-binder/osf_fvw2k/HEAD?urlpath=rstudio
fwc2p,Keuken_etal_UHF_MRI_review_analysis_script.r,Failed,Code Issue,Invalid File or Directory Path,https://mybinder.org/v2/gh/code-inspect-binder/osf_fwc2p/HEAD?urlpath=rstudio
fykpt,03_table_comorbidities_by_study.R,Failed,Code Issue,Missing Object or Function,https://mybinder.org/v2/gh/code-inspect-binder/osf_fykpt/HEAD?urlpath=rstudio
g2nkw,YCAS_Scale_development.R,Failed,Code Issue,Syntax or Argument Error,https://mybinder.org/v2/gh/code-inspect-binder/osf_g2nkw/HEAD?urlpath=rstudio
g8kbu,dataAnalysisRewardAppsSurvey.R,Failed,Container Issue,Invalid File or Directory Path,https://mybinder.org/v2/gh/code-inspect-binder/osf_g8kbu/HEAD?urlpath=rstudio
g8kbu,dataAnalysisRewardAppsExperiment.R,Failed,Container Issue,Missing Package,https://mybinder.org/v2/gh/code-inspect-binder/osf_g8kbu/HEAD?urlpath=rstudio
gk6jh,summarySE.R,Successful,-,-,https://mybinder.org/v2/gh/code-inspect-binder/osf_gk6jh/HEAD?urlpath=rstudio
greqt,02_analysis.R,Successful,-,-,https://mybinder.org/v2/gh/code-inspect-binder/osf_greqt/HEAD?urlpath=rstudio
greqt,functions2.R,Successful,-,-,https://mybinder.org/v2/gh/code-inspect-binder/osf_greqt/HEAD?urlpath=rstudio
greqt,06_extrapermut_comaprison_with_random.R,Successful,-,-,https://mybinder.org/v2/gh/code-inspect-binder/osf_greqt/HEAD?urlpath=rstudio
greqt,07_correlation_structure.R,Successful,-,-,https://mybinder.org/v2/gh/code-inspect-binder/osf_greqt/HEAD?urlpath=rstudio
greqt,04_clusters2_tvals.R,Failed,Code Issue,Missing Object or Function,https://mybinder.org/v2/gh/code-inspect-binder/osf_greqt/HEAD?urlpath=rstudio
greqt,functions1.R,Successful,-,-,https://mybinder.org/v2/gh/code-inspect-binder/osf_greqt/HEAD?urlpath=rstudio
guqrm,Reproduce_figures_prosocial_ageing.R,Failed,Code Issue,Invalid File or Directory Path,https://mybinder.org/v2/gh/code-inspect-binder/osf_guqrm/HEAD?urlpath=rstudio
gy5vm,preprocess_SHCS.R,Failed,Code Issue,Missing Object or Function,https://mybinder.org/v2/gh/code-inspect-binder/osf_gy5vm/HEAD?urlpath=rstudio
gy5vm,risk_factors_monthly.R,Failed,Code Issue,Missing Object or Function,https://mybinder.org/v2/gh/code-inspect-binder/osf_gy5vm/HEAD?urlpath=rstudio
gztxa,Vowel_Harmony_LDT_Exp3.R,Failed,Container Issue,Package Installation Failure,https://mybinder.org/v2/gh/code-inspect-binder/osf_gztxa/HEAD?urlpath=rstudio
gztxa,Vowel_Harmony_LDT_Naming.R,Failed,Container Issue,Package Installation Failure,https://mybinder.org/v2/gh/code-inspect-binder/osf_gztxa/HEAD?urlpath=rstudio
hbju7,study-2_main-analysis-code.R,Failed,Container Issue,Missing Package,https://mybinder.org/v2/gh/code-inspect-binder/osf_hbju7/HEAD?urlpath=rstudio
he8mu,Study2_Load_Analysis_Post_Review_11-14-16_Final.R,Failed,Container Issue,Package Installation Failure,https://mybinder.org/v2/gh/code-inspect-binder/osf_he8mu/HEAD?urlpath=rstudio
he8mu,Custom_Functions.R,Successful,-,-,https://mybinder.org/v2/gh/code-inspect-binder/osf_he8mu/HEAD?urlpath=rstudio
hfjgw,00-utils.r,Successful,-,-,https://mybinder.org/v2/gh/code-inspect-binder/osf_hfjgw/HEAD?urlpath=rstudio
hfxsb,basic_mods.R,Failed,Container Issue,Missing Package,https://mybinder.org/v2/gh/code-inspect-binder/osf_hfxsb/HEAD?urlpath=rstudio
hn3bu,AnalysisCode.R,Failed,Code Issue,Invalid File or Directory Path,https://mybinder.org/v2/gh/code-inspect-binder/osf_hn3bu/HEAD?urlpath=rstudio
hrf5t,runHierarchicalGCM.R,Failed,Container Issue,Shared Library Load Error,https://mybinder.org/v2/gh/code-inspect-binder/osf_hrf5t/HEAD?urlpath=rstudio
hrf5t,runPrototype.R,Failed,Container Issue,Shared Library Load Error,https://mybinder.org/v2/gh/code-inspect-binder/osf_hrf5t/HEAD?urlpath=rstudio
hrf5t,Prototype.R,Failed,Code Issue,Syntax or Argument Error,https://mybinder.org/v2/gh/code-inspect-binder/osf_hrf5t/HEAD?urlpath=rstudio
hzncs,Witt_SDT_Simulations_SeveralTests.R,Failed,Container Issue,Missing Package,https://mybinder.org/v2/gh/code-inspect-binder/osf_hzncs/HEAD?urlpath=rstudio
hzncs,Witt_SDT_Simulations_OptionalStopping.R,Failed,Container Issue,Missing Package,https://mybinder.org/v2/gh/code-inspect-binder/osf_hzncs/HEAD?urlpath=rstudio
jh47m,Gatekeeper analysis.r,Failed,Code Issue,File Read Error - Cannot Open Connection,https://mybinder.org/v2/gh/code-inspect-binder/osf_jh47m/HEAD?urlpath=rstudio
jhyu9,PrepareData.R,Failed,Code Issue,File Read Error - Cannot Open Connection,https://mybinder.org/v2/gh/code-inspect-binder/osf_jhyu9/HEAD?urlpath=rstudio
jhyu9,example_Rcode_mlrsa_osf_oneL1pred.R,Failed,Code Issue,Invalid File or Directory Path,https://mybinder.org/v2/gh/code-inspect-binder/osf_jhyu9/HEAD?urlpath=rstudio
jpxts,Data_Prep_S1S2.R,Failed,Code Issue,Invalid File or Directory Path,https://mybinder.org/v2/gh/code-inspect-binder/osf_jpxts/HEAD?urlpath=rstudio
jpxts,Main Tables.R,Failed,Code Issue,Invalid File or Directory Path,https://mybinder.org/v2/gh/code-inspect-binder/osf_jpxts/HEAD?urlpath=rstudio
2j47e,Factor analysis.R,Failed,Code Issue,Missing Object or Function,https://mybinder.org/v2/gh/code-inspect-binder/osf_2j47e/HEAD?urlpath=rstudio
2j47e,Demographics.R,Failed,Container Issue,Package Installation Failure,https://mybinder.org/v2/gh/code-inspect-binder/osf_2j47e/HEAD?urlpath=rstudio
2j47e,Reliability.R,Failed,Code Issue,Missing Object or Function,https://mybinder.org/v2/gh/code-inspect-binder/osf_2j47e/HEAD?urlpath=rstudio
2j47e,Cluster analysis non-refined factor scores.R,Failed,Container Issue,Package Installation Failure,https://mybinder.org/v2/gh/code-inspect-binder/osf_2j47e/HEAD?urlpath=rstudio
2j47e,Cluster analysis refined factor scores.R,Failed,Container Issue,Package Installation Failure,https://mybinder.org/v2/gh/code-inspect-binder/osf_2j47e/HEAD?urlpath=rstudio
2j47e,Figures.R,Failed,Code Issue,Missing Object or Function,https://mybinder.org/v2/gh/code-inspect-binder/osf_2j47e/HEAD?urlpath=rstudio
k853j,ESS_openess_2018_perCountry.R,Failed,Code Issue,Missing Object or Function,https://mybinder.org/v2/gh/code-inspect-binder/osf_k853j/HEAD?urlpath=rstudio
k853j,ESS_openness_2016_perCountry.R,Failed,Code Issue,Missing Object or Function,https://mybinder.org/v2/gh/code-inspect-binder/osf_k853j/HEAD?urlpath=rstudio
k853j,ESS_openness_2016.R,Failed,Code Issue,Missing Object or Function,https://mybinder.org/v2/gh/code-inspect-binder/osf_k853j/HEAD?urlpath=rstudio
kbjw9,3DFDRPlot.R,Successful,-,-,https://mybinder.org/v2/gh/code-inspect-binder/osf_kbjw9/HEAD?urlpath=rstudio
kdjqz,sim_data_LissonEtAl2020.R,Failed,Code Issue,Missing Object or Function,https://mybinder.org/v2/gh/code-inspect-binder/osf_kdjqz/HEAD?urlpath=rstudio
kdjqz,Lissonetal2021-script.R,Failed,Code Issue,File Read Error - Cannot Open Connection,https://mybinder.org/v2/gh/code-inspect-binder/osf_kdjqz/HEAD?urlpath=rstudio
kdjqz,BF_LissonEtAl2020.R,Failed,Code Issue,File Read Error - Cannot Open Connection,https://mybinder.org/v2/gh/code-inspect-binder/osf_kdjqz/HEAD?urlpath=rstudio
kgtx6,f_readRShare.R,Successful,-,-,https://mybinder.org/v2/gh/code-inspect-binder/osf_kgtx6/HEAD?urlpath=rstudio
kpe75,analysis.R,Failed,Code Issue,RStudio Environment Error,https://mybinder.org/v2/gh/code-inspect-binder/osf_kpe75/HEAD?urlpath=rstudio
kwp6n,Everyday_Trust_Rcode.R,Failed,Container Issue,Package Installation Failure,https://mybinder.org/v2/gh/code-inspect-binder/osf_kwp6n/HEAD?urlpath=rstudio
m6pb2,helpers.R,Successful,-,-,https://mybinder.org/v2/gh/code-inspect-binder/osf_m6pb2/HEAD?urlpath=rstudio
m6pb2,Data_preparation_Sample_C.R,Failed,Code Issue,Missing Object or Function,https://mybinder.org/v2/gh/code-inspect-binder/osf_m6pb2/HEAD?urlpath=rstudio
m6pb2,Data_preparation_Sample_A.R,Failed,Code Issue,Missing Object or Function,https://mybinder.org/v2/gh/code-inspect-binder/osf_m6pb2/HEAD?urlpath=rstudio
m6pb2,Data_preparation_Sample_B.R,Failed,Code Issue,Missing Object or Function,https://mybinder.org/v2/gh/code-inspect-binder/osf_m6pb2/HEAD?urlpath=rstudio
m6pb2,Data_preparation_Sample_E.r,Failed,Code Issue,Missing Object or Function,https://mybinder.org/v2/gh/code-inspect-binder/osf_m6pb2/HEAD?urlpath=rstudio
m6pb2,Data_preparation_Sample_D.r,Failed,Code Issue,Missing Object or Function,https://mybinder.org/v2/gh/code-inspect-binder/osf_m6pb2/HEAD?urlpath=rstudio
mbf32,SSSS-Latent Variable Analysis Made Easy (1.0) .R,Failed,Code Issue,File Selection Error,https://mybinder.org/v2/gh/code-inspect-binder/osf_mbf32/HEAD?urlpath=rstudio
mc26t,my_utils.R,Failed,Container Issue,Missing Package,https://mybinder.org/v2/gh/code-inspect-binder/osf_mc26t/HEAD?urlpath=rstudio
mcy6r,BeerGogglesorLiquidCouragePPARatingAnalyses.R,Failed,Code Issue,File Read Error - Cannot Open Connection,https://mybinder.org/v2/gh/code-inspect-binder/osf_mcy6r/HEAD?urlpath=rstudio
meh5w,modelComparison.R,Failed,Container Issue,Shared Library Load Error,https://mybinder.org/v2/gh/code-inspect-binder/osf_meh5w/HEAD?urlpath=rstudio
meh5w,multiplicationFactor_ttest.R,Failed,Container Issue,Shared Library Load Error,https://mybinder.org/v2/gh/code-inspect-binder/osf_meh5w/HEAD?urlpath=rstudio
nd9yr,make_fig1_main_text.R,Failed,Code Issue,Invalid File or Directory Path,https://mybinder.org/v2/gh/code-inspect-binder/osf_nd9yr/HEAD?urlpath=rstudio
nd9yr,ordinal_plot_functions.R,Successful,-,-,https://mybinder.org/v2/gh/code-inspect-binder/osf_nd9yr/HEAD?urlpath=rstudio
nd9yr,ordinal_helper_functions.R,Successful,-,-,https://mybinder.org/v2/gh/code-inspect-binder/osf_nd9yr/HEAD?urlpath=rstudio
mp9td,Stats_Third.R,Successful,-,-,https://mybinder.org/v2/gh/code-inspect-binder/osf_mp9td/HEAD?urlpath=rstudio
mp9td,TablePrep_Third.R,Failed,Code Issue,Missing Object or Function,https://mybinder.org/v2/gh/code-inspect-binder/osf_mp9td/HEAD?urlpath=rstudio
mp9td,interface.R,Failed,Code Issue,Missing Object or Function,https://mybinder.org/v2/gh/code-inspect-binder/osf_mp9td/HEAD?urlpath=rstudio
mp9td,is_hitname_in_range.R,Successful,-,-,https://mybinder.org/v2/gh/code-inspect-binder/osf_mp9td/HEAD?urlpath=rstudio
mp9td,get_first_free_fi.R,Successful,-,-,https://mybinder.org/v2/gh/code-inspect-binder/osf_mp9td/HEAD?urlpath=rstudio
mp9td,get_gazeshift_latency.R,Successful,-,-,https://mybinder.org/v2/gh/code-inspect-binder/osf_mp9td/HEAD?urlpath=rstudio
mp9td,get_looks.R,Successful,-,-,https://mybinder.org/v2/gh/code-inspect-binder/osf_mp9td/HEAD?urlpath=rstudio
mp9td,preflight.r,Successful,-,-,https://mybinder.org/v2/gh/code-inspect-binder/osf_mp9td/HEAD?urlpath=rstudio
mvdpe,4. Compare pre-post.R,Failed,Container Issue,Shared Library Load Error,https://mybinder.org/v2/gh/code-inspect-binder/osf_mvdpe/HEAD?urlpath=rstudio
n5ahf,Table1_analysis.R,Failed,Container Issue,Package Installation Failure,https://mybinder.org/v2/gh/code-inspect-binder/osf_n5ahf/HEAD?urlpath=rstudio
n5j3w,2021-12-03_AnalysisCode.R,Failed,Container Issue,Package Installation Failure,https://mybinder.org/v2/gh/code-inspect-binder/osf_n5j3w/HEAD?urlpath=rstudio
n7sep,code.R,Failed,Code Issue,Syntax or Argument Error,https://mybinder.org/v2/gh/code-inspect-binder/osf_n7sep/HEAD?urlpath=rstudio
ns4h9,RScript_motives.R,Successful,-,-,https://mybinder.org/v2/gh/code-inspect-binder/osf_ns4h9/HEAD?urlpath=rstudio
ntw7d,SRMA2019_analyses.R,Failed,Container Issue,System-Level Dependency Missing,https://mybinder.org/v2/gh/code-inspect-binder/osf_ntw7d/HEAD?urlpath=rstudio
p2xgq,"Analyses for revision 1, with pilot data and data cleaning.R",Failed,Container Issue,Missing Package,https://mybinder.org/v2/gh/code-inspect-binder/osf_p2xgq/HEAD?urlpath=rstudio
p6msu,create_output_behavioral.R,Failed,Code Issue,File Read Error - Cannot Open Connection,https://mybinder.org/v2/gh/code-inspect-binder/osf_p6msu/HEAD?urlpath=rstudio
p7zwr,N400.R,Failed,Container Issue,Missing Package,https://mybinder.org/v2/gh/code-inspect-binder/osf_p7zwr/HEAD?urlpath=rstudio
p7zwr,P600.R,Failed,Container Issue,Missing Package,https://mybinder.org/v2/gh/code-inspect-binder/osf_p7zwr/HEAD?urlpath=rstudio
pk9my,PNAS_Social_Mobility_public.R,Failed,Code Issue,Invalid File or Directory Path,https://mybinder.org/v2/gh/code-inspect-binder/osf_pk9my/HEAD?urlpath=rstudio
qbgct,code_analyses.R,Failed,Code Issue,Data Structure Mismatch,https://mybinder.org/v2/gh/code-inspect-binder/osf_qbgct/HEAD?urlpath=rstudio
qhaf8,pupillometry_tutorial_calignano.R,Failed,Code Issue,Invalid File or Directory Path,https://mybinder.org/v2/gh/code-inspect-binder/osf_qhaf8/HEAD?urlpath=rstudio
qj4xr,06_sensitivity-tests.R,Failed,Code Issue,Missing Object or Function,https://mybinder.org/v2/gh/code-inspect-binder/osf_qj4xr/HEAD?urlpath=rstudio
qj4xr,03_explaining-scipop-attitudes.R,Failed,Code Issue,Missing Object or Function,https://mybinder.org/v2/gh/code-inspect-binder/osf_qj4xr/HEAD?urlpath=rstudio
qj4xr,02_prevalence-of-scipop.R,Failed,Container Issue,Package Installation Failure,https://mybinder.org/v2/gh/code-inspect-binder/osf_qj4xr/HEAD?urlpath=rstudio
qk3bf,iip_estimate_bifactor.R,Failed,Code Issue,File Read Error - Cannot Open Connection,https://mybinder.org/v2/gh/code-inspect-binder/osf_qk3bf/HEAD?urlpath=rstudio
qrv2e,DivNorm_R_EyeTrack.R,Failed,Container Issue,Missing Package,https://mybinder.org/v2/gh/code-inspect-binder/osf_qrv2e/HEAD?urlpath=rstudio
qwr69,nGFS.R,Successful,-,-,https://mybinder.org/v2/gh/code-inspect-binder/osf_qwr69/HEAD?urlpath=rstudio
qxf5t,TSST_Meta.R,Failed,Code Issue,Invalid File or Directory Path,https://mybinder.org/v2/gh/code-inspect-binder/osf_qxf5t/HEAD?urlpath=rstudio
qxwsz,anxiety_abstraction_s2.R,Failed,Container Issue,Missing Package,https://mybinder.org/v2/gh/code-inspect-binder/osf_qxwsz/HEAD?urlpath=rstudio
qy5sd,PairsBindingRSS_Stats.R,Failed,Code Issue,RStudio Environment Error,https://mybinder.org/v2/gh/code-inspect-binder/osf_qy5sd/HEAD?urlpath=rstudio
qy5sd,PairsBindingRSS_MPT.R,Failed,Code Issue,RStudio Environment Error,https://mybinder.org/v2/gh/code-inspect-binder/osf_qy5sd/HEAD?urlpath=rstudio
qy5sd,plotPostKO.R,Successful,-,-,https://mybinder.org/v2/gh/code-inspect-binder/osf_qy5sd/HEAD?urlpath=rstudio
r24vb,clustering_syn_types.R,Failed,Container Issue,Shared Library Load Error,https://mybinder.org/v2/gh/code-inspect-binder/osf_r24vb/HEAD?urlpath=rstudio
r4wg2,elsa_analyses.R,Failed,Container Issue,Missing Package,https://mybinder.org/v2/gh/code-inspect-binder/osf_r4wg2/HEAD?urlpath=rstudio
r4wg2,stadyl_analyses.R,Failed,Container Issue,Missing Package,https://mybinder.org/v2/gh/code-inspect-binder/osf_r4wg2/HEAD?urlpath=rstudio
rbxzs,Script_R.R,Successful,-,-,https://mybinder.org/v2/gh/code-inspect-binder/osf_rbxzs/HEAD?urlpath=rstudio
rf6zu,scrape_web_pages.R,Failed,Code Issue,Missing Object or Function,https://mybinder.org/v2/gh/code-inspect-binder/osf_rf6zu/HEAD?urlpath=rstudio
rmcuy,Model_analysis.R,Failed,Code Issue,Invalid File or Directory Path,https://mybinder.org/v2/gh/code-inspect-binder/osf_rmcuy/HEAD?urlpath=rstudio
rmcuy,Fig. 4 - Simulation_model_outline_AT_LM.r,Failed,Code Issue,Missing Object or Function,https://mybinder.org/v2/gh/code-inspect-binder/osf_rmcuy/HEAD?urlpath=rstudio
rs6un,MSE.VAR.Sys.R,Successful,,,https://mybinder.org/v2/gh/code-inspect-binder/osf_rs6un/HEAD?urlpath=rstudio
rs6un,Data.VAR.Fixed.R,Successful,,,https://mybinder.org/v2/gh/code-inspect-binder/osf_rs6un/HEAD?urlpath=rstudio
rs6un,Psi.PS.AR.Matrix.R,Successful,,,https://mybinder.org/v2/gh/code-inspect-binder/osf_rs6un/HEAD?urlpath=rstudio
rs6un,Data.PC.VAR.Fixed.R,Successful,,,https://mybinder.org/v2/gh/code-inspect-binder/osf_rs6un/HEAD?urlpath=rstudio
rs6un,Data.Cluster.VAR.R,Successful,,,https://mybinder.org/v2/gh/code-inspect-binder/osf_rs6un/HEAD?urlpath=rstudio
rs6un,Data.Cluster.VAR.Fixed.R,Successful,,,https://mybinder.org/v2/gh/code-inspect-binder/osf_rs6un/HEAD?urlpath=rstudio
rtmyx,05_PerceptionAnalysis_AllClassSolutions_V230401.R,Failed,Container Issue,Shared Library Load Error,https://mybinder.org/v2/gh/code-inspect-binder/osf_rtmyx/HEAD?urlpath=rstudio
s6zeg,Criticism-Attachment-RCode_v2.R,Failed,Code Issue,Invalid File or Directory Path,https://mybinder.org/v2/gh/code-inspect-binder/osf_s6zeg/HEAD?urlpath=rstudio
s82bw,01_TreeBUGS_with_csv_files.R,Failed,Container Issue,Shared Library Load Error,https://mybinder.org/v2/gh/code-inspect-binder/osf_s82bw/HEAD?urlpath=rstudio
s82bw,04_simulation_continuous_predictor.R,Failed,Container Issue,Shared Library Load Error,https://mybinder.org/v2/gh/code-inspect-binder/osf_s82bw/HEAD?urlpath=rstudio
sb3kw,Study3B_analyses.R,Failed,Code Issue,Invalid File or Directory Path,https://mybinder.org/v2/gh/code-inspect-binder/osf_sb3kw/HEAD?urlpath=rstudio
sb3kw,Meta_Analysis.R,Failed,Code Issue,Invalid File or Directory Path,https://mybinder.org/v2/gh/code-inspect-binder/osf_sb3kw/HEAD?urlpath=rstudio
sb3kw,Study2B_analyses.R,Failed,Code Issue,Invalid File or Directory Path,https://mybinder.org/v2/gh/code-inspect-binder/osf_sb3kw/HEAD?urlpath=rstudio
sb3kw,Study2A_analyses.R,Failed,Code Issue,Invalid File or Directory Path,https://mybinder.org/v2/gh/code-inspect-binder/osf_sb3kw/HEAD?urlpath=rstudio
skp56,CSEP_DataScienceExPhys_Akerman2021.R,Failed,Code Issue,External Dependency Missing,https://mybinder.org/v2/gh/code-inspect-binder/osf_skp56/HEAD?urlpath=rstudio
skp56,CSEP_DataScienceExPhys_DataGen_Akerman.R,Failed,Code Issue,Invalid File or Directory Path,https://mybinder.org/v2/gh/code-inspect-binder/osf_skp56/HEAD?urlpath=rstudio
sqfnt,Goal 1 Analysis.R,Failed,Container Issue,Missing Package,https://mybinder.org/v2/gh/code-inspect-binder/osf_sqfnt/HEAD?urlpath=rstudio
sqfnt,Goal 3 Analysis.R,Failed,Code Issue,Missing Object or Function,https://mybinder.org/v2/gh/code-inspect-binder/osf_sqfnt/HEAD?urlpath=rstudio
sw7rq,Functions.R,Failed,Container Issue,Missing Package,https://mybinder.org/v2/gh/code-inspect-binder/osf_sw7rq/HEAD?urlpath=rstudio
sx6yf,2021-6-7_No_Man_Is_An_Island_analyses.R,Failed,Container Issue,Missing Package,https://mybinder.org/v2/gh/code-inspect-binder/osf_sx6yf/HEAD?urlpath=rstudio
t2jka,multipleChoiceSame.R,Successful,-,-,https://mybinder.org/v2/gh/code-inspect-binder/osf_t2jka/HEAD?urlpath=rstudio
t2jka,batchUploadImages.R,Failed,Code Issue,Invalid File or Directory Path,https://mybinder.org/v2/gh/code-inspect-binder/osf_t2jka/HEAD?urlpath=rstudio
t7a28,collect_results.R,Failed,Code Issue,Missing Object or Function,https://mybinder.org/v2/gh/code-inspect-binder/osf_t7a28/HEAD?urlpath=rstudio
t93pf,Simulation-Random-Significance.r,Successful,-,-,https://mybinder.org/v2/gh/code-inspect-binder/osf_t93pf/HEAD?urlpath=rstudio
tajd9,Flux_MainDataAnalyses.R,Failed,Code Issue,Data Structure Mismatch,https://mybinder.org/v2/gh/code-inspect-binder/osf_tajd9/HEAD?urlpath=rstudio
tajd9,Flip_MainDataAnalyses.R,Successful,-,-,https://mybinder.org/v2/gh/code-inspect-binder/osf_tajd9/HEAD?urlpath=rstudio
tbczv,01-readData.r,Failed,Container Issue,Missing Package,https://mybinder.org/v2/gh/code-inspect-binder/osf_tbczv/HEAD?urlpath=rstudio
tbczv,TRDM-functions.r,Successful,-,-,https://mybinder.org/v2/gh/code-inspect-binder/osf_tbczv/HEAD?urlpath=rstudio
tbczv,pmwgDIC.r,Successful,-,-,https://mybinder.org/v2/gh/code-inspect-binder/osf_tbczv/HEAD?urlpath=rstudio
tbczv,02-exclCriteria.r,Failed,Container Issue,Missing Package,https://mybinder.org/v2/gh/code-inspect-binder/osf_tbczv/HEAD?urlpath=rstudio
tbczv,exp1bDead-MNL-SAT-A.r,Failed,Code Issue,Invalid File or Directory Path,https://mybinder.org/v2/gh/code-inspect-binder/osf_tbczv/HEAD?urlpath=rstudio
tbczv,exp1aDead-MNL-SAT-A.r,Failed,Code Issue,Invalid File or Directory Path,https://mybinder.org/v2/gh/code-inspect-binder/osf_tbczv/HEAD?urlpath=rstudio
tfbps,R_Script_Idiographic_network_analyses.R,Failed,Container Issue,Missing Package,https://mybinder.org/v2/gh/code-inspect-binder/osf_tfbps/HEAD?urlpath=rstudio
tg3fq,syntax_SDMWS&SBPS.R,Failed,Code Issue,Invalid File or Directory Path,https://mybinder.org/v2/gh/code-inspect-binder/osf_tg3fq/HEAD?urlpath=rstudio
tgf3q,SI_4_Statistical_analyses.R,Failed,Code Issue,File Read Error - Cannot Open Connection,https://mybinder.org/v2/gh/code-inspect-binder/osf_tgf3q/HEAD?urlpath=rstudio
tnbev,lewis-acid-base-researchers.R,Failed,Code Issue,Invalid File or Directory Path,https://mybinder.org/v2/gh/code-inspect-binder/osf_tnbev/HEAD?urlpath=rstudio
tw8dq,SVOSM_analyses_final.R,Failed,Code Issue,Invalid File or Directory Path,https://mybinder.org/v2/gh/code-inspect-binder/osf_tw8dq/HEAD?urlpath=rstudio
u9hkj,expertsurvey_CDRCCS.R,Failed,Container Issue,Missing Package,https://mybinder.org/v2/gh/code-inspect-binder/osf_u9hkj/HEAD?urlpath=rstudio
uckzx,P1_motif-by-motif_newbins.R,Failed,Code Issue,Encoding/String Handling Error,https://mybinder.org/v2/gh/code-inspect-binder/osf_uckzx/HEAD?urlpath=rstudio
uckzx,P3_analysis.R,Failed,Code Issue,Encoding/String Handling Error,https://mybinder.org/v2/gh/code-inspect-binder/osf_uckzx/HEAD?urlpath=rstudio
uckzx,P2_analysis_oldbins.R,Failed,Code Issue,Encoding/String Handling Error,https://mybinder.org/v2/gh/code-inspect-binder/osf_uckzx/HEAD?urlpath=rstudio
uckzx,P2_analysis_newbins.R,Failed,Code Issue,Encoding/String Handling Error,https://mybinder.org/v2/gh/code-inspect-binder/osf_uckzx/HEAD?urlpath=rstudio
uf63k,MsReviewsAnalysisScript.R,Successful,-,-,https://mybinder.org/v2/gh/code-inspect-binder/osf_uf63k/HEAD?urlpath=rstudio
unxj2,functions_1.R,Successful,-,-,https://mybinder.org/v2/gh/code-inspect-binder/osf_unxj2/HEAD?urlpath=rstudio
unxj2,functions_2.R,Successful,-,-,https://mybinder.org/v2/gh/code-inspect-binder/osf_unxj2/HEAD?urlpath=rstudio
uq3cv,5_NMDS_comparing_dawn_and_morning_assemblage_compositions.R,Failed,Code Issue,Syntax or Argument Error,https://mybinder.org/v2/gh/code-inspect-binder/osf_uq3cv/HEAD?urlpath=rstudio
uq3cv,4_Compute_beta_diversity_metrics.R,Failed,Code Issue,Syntax or Argument Error,https://mybinder.org/v2/gh/code-inspect-binder/osf_uq3cv/HEAD?urlpath=rstudio
uxdwh,code.R,Failed,Container Issue,Shared Library Load Error,https://mybinder.org/v2/gh/code-inspect-binder/osf_uxdwh/HEAD?urlpath=rstudio
uygpq,Cross-paradigm.R,Failed,Code Issue,Missing Object or Function,https://mybinder.org/v2/gh/code-inspect-binder/osf_uygpq/HEAD?urlpath=rstudio
uygpq,Model figures.R,Failed,Code Issue,Missing Object or Function,https://mybinder.org/v2/gh/code-inspect-binder/osf_uygpq/HEAD?urlpath=rstudio
uygpq,Within-paradigm.R,Failed,Code Issue,Missing Object or Function,https://mybinder.org/v2/gh/code-inspect-binder/osf_uygpq/HEAD?urlpath=rstudio
vguey,Sim.Data.IL.R,Successful,-,-,https://mybinder.org/v2/gh/code-inspect-binder/osf_vguey/HEAD?urlpath=rstudio
vguey,lag.Y.R,Successful,-,-,https://mybinder.org/v2/gh/code-inspect-binder/osf_vguey/HEAD?urlpath=rstudio
vnbxk,GamingStudy_PreProcessing.R,Failed,Code Issue,RStudio Environment Error,https://mybinder.org/v2/gh/code-inspect-binder/osf_vnbxk/HEAD?urlpath=rstudio
vprwb,MLM--lmerTest--JPNpsyUpdated.R,Failed,Code Issue,Invalid File or Directory Path,https://mybinder.org/v2/gh/code-inspect-binder/osf_vprwb/HEAD?urlpath=rstudio
vwq9p,analysis.R,Failed,Code Issue,Encoding/String Handling Error,https://mybinder.org/v2/gh/code-inspect-binder/osf_vwq9p/HEAD?urlpath=rstudio
w4gey,01_setup.R,Failed,Code Issue,Invalid File or Directory Path,https://mybinder.org/v2/gh/code-inspect-binder/osf_w4gey/HEAD?urlpath=rstudio
w4gey,02_measures.R,Failed,Container Issue,Missing Package,https://mybinder.org/v2/gh/code-inspect-binder/osf_w4gey/HEAD?urlpath=rstudio
w4gey,03_descriptive-analysis.R,Failed,Code Issue,Missing Object or Function,https://mybinder.org/v2/gh/code-inspect-binder/osf_w4gey/HEAD?urlpath=rstudio
w7afh,CFA script.R,Failed,Code Issue,Missing Object or Function,https://mybinder.org/v2/gh/code-inspect-binder/osf_w7afh/HEAD?urlpath=rstudio
w7afh,EFA script.R,Failed,Code Issue,Missing Object or Function,https://mybinder.org/v2/gh/code-inspect-binder/osf_w7afh/HEAD?urlpath=rstudio
w7pjy,figures_paper.R,Failed,Container Issue,Missing Package,https://mybinder.org/v2/gh/code-inspect-binder/osf_w7pjy/HEAD?urlpath=rstudio
w7pjy,analyze_agreementIndicators.R,Failed,Container Issue,Missing Package,https://mybinder.org/v2/gh/code-inspect-binder/osf_w7pjy/HEAD?urlpath=rstudio
w7pjy,bootstrapConfusionMatrix.R,Successful,-,-,https://mybinder.org/v2/gh/code-inspect-binder/osf_w7pjy/HEAD?urlpath=rstudio
w7pjy,assessQualityOfcaptWKL.R,Successful,-,-,https://mybinder.org/v2/gh/code-inspect-binder/osf_w7pjy/HEAD?urlpath=rstudio
w7pjy,node_violinplot.R,Successful,-,-,https://mybinder.org/v2/gh/code-inspect-binder/osf_w7pjy/HEAD?urlpath=rstudio
w7pjy,format_confusionMatrix.R,Successful,-,-,https://mybinder.org/v2/gh/code-inspect-binder/osf_w7pjy/HEAD?urlpath=rstudio
w7pjy,format_captWKLquality.R,Successful,-,-,https://mybinder.org/v2/gh/code-inspect-binder/osf_w7pjy/HEAD?urlpath=rstudio
w7pjy,PWLcapturedByModel.R,Successful,-,-,https://mybinder.org/v2/gh/code-inspect-binder/osf_w7pjy/HEAD?urlpath=rstudio
wbyj7,Exp1-LBA-null.r,Failed,Container Issue,Shared Library Load Error,https://mybinder.org/v2/gh/code-inspect-binder/osf_wbyj7/HEAD?urlpath=rstudio
wbyj7,read-data-Exp1.r,Successful,-,-,https://mybinder.org/v2/gh/code-inspect-binder/osf_wbyj7/HEAD?urlpath=rstudio
wbyj7,pmwg-DIC.r,Successful,-,-,https://mybinder.org/v2/gh/code-inspect-binder/osf_wbyj7/HEAD?urlpath=rstudio
wc3nq,6) agr_summer_model.R,Failed,Code Issue,Invalid File or Directory Path,https://mybinder.org/v2/gh/code-inspect-binder/osf_wc3nq/HEAD?urlpath=rstudio
wc3nq,2) soc_measures_code.R,Failed,Code Issue,Invalid File or Directory Path,https://mybinder.org/v2/gh/code-inspect-binder/osf_wc3nq/HEAD?urlpath=rstudio
wc3nq,7) agr_yearly_model.R,Failed,Code Issue,Invalid File or Directory Path,https://mybinder.org/v2/gh/code-inspect-binder/osf_wc3nq/HEAD?urlpath=rstudio
wcfj3,2_idDiffs.R,Failed,Code Issue,Missing Object or Function,https://mybinder.org/v2/gh/code-inspect-binder/osf_wcfj3/HEAD?urlpath=rstudio
wcfj3,funs.R,Successful,-,-,https://mybinder.org/v2/gh/code-inspect-binder/osf_wcfj3/HEAD?urlpath=rstudio
wcfj3,1_dataPrep.R,Failed,Code Issue,Missing Object or Function,https://mybinder.org/v2/gh/code-inspect-binder/osf_wcfj3/HEAD?urlpath=rstudio
wcqpa,Rcode.R,Failed,Code Issue,File Read Error - Cannot Open Connection,https://mybinder.org/v2/gh/code-inspect-binder/osf_wcqpa/HEAD?urlpath=rstudio
wxgm5,Exp1_complete.R,Failed,Container Issue,Missing Package,https://mybinder.org/v2/gh/code-inspect-binder/osf_wxgm5/HEAD?urlpath=rstudio
wxgm5,Exp2_tapping.R,Failed,Container Issue,Missing Package,https://mybinder.org/v2/gh/code-inspect-binder/osf_wxgm5/HEAD?urlpath=rstudio
wxgm5,Exp2_judgment.R,Failed,Container Issue,Missing Package,https://mybinder.org/v2/gh/code-inspect-binder/osf_wxgm5/HEAD?urlpath=rstudio
wxgzu,outcome_evaluation_code_v5.R,Failed,Code Issue,Invalid File or Directory Path,https://mybinder.org/v2/gh/code-inspect-binder/osf_wxgzu/HEAD?urlpath=rstudio
x72cy,ConfirmatoryAnalyses.R,Failed,Container Issue,Shared Library Load Error,https://mybinder.org/v2/gh/code-inspect-binder/osf_x72cy/HEAD?urlpath=rstudio
x72cy,ExploratoryAnalyses.R,Failed,Container Issue,Shared Library Load Error,https://mybinder.org/v2/gh/code-inspect-binder/osf_x72cy/HEAD?urlpath=rstudio
x72cy,PreprocessingQualtricsData.R,Failed,Code Issue,File Read Error - Cannot Open Connection,https://mybinder.org/v2/gh/code-inspect-binder/osf_x72cy/HEAD?urlpath=rstudio
x72cy,AnalyzeDummyData.R,Failed,Container Issue,Shared Library Load Error,https://mybinder.org/v2/gh/code-inspect-binder/osf_x72cy/HEAD?urlpath=rstudio
x8vyw,02_random_forest_analysis.R,Failed,Code Issue,Invalid File or Directory Path,https://mybinder.org/v2/gh/code-inspect-binder/osf_x8vyw/HEAD?urlpath=rstudio
x8vyw,03_glmm_analysis.R,Failed,Code Issue,Invalid File or Directory Path,https://mybinder.org/v2/gh/code-inspect-binder/osf_x8vyw/HEAD?urlpath=rstudio
xcthg,0-Script.R,Failed,Container Issue,Missing Package,https://mybinder.org/v2/gh/code-inspect-binder/osf_xcthg/HEAD?urlpath=rstudio
xgwzf,utils.R,Successful,-,-,https://mybinder.org/v2/gh/code-inspect-binder/osf_xgwzf/HEAD?urlpath=rstudio
xgwzf,exp3_analysis.R,Failed,Code Issue,Invalid File or Directory Path,https://mybinder.org/v2/gh/code-inspect-binder/osf_xgwzf/HEAD?urlpath=rstudio
xhrw6,corstars.R,Successful,-,-,https://mybinder.org/v2/gh/code-inspect-binder/osf_xhrw6/HEAD?urlpath=rstudio
xhrw6,4_sem_models.R,Failed,Code Issue,Missing Object or Function,https://mybinder.org/v2/gh/code-inspect-binder/osf_xhrw6/HEAD?urlpath=rstudio
xhrw6,1_create_composite_measures.R,Failed,Code Issue,Missing Object or Function,https://mybinder.org/v2/gh/code-inspect-binder/osf_xhrw6/HEAD?urlpath=rstudio
xjm6z,AuxiliaryFunctions.R,Successful,-,-,https://mybinder.org/v2/gh/code-inspect-binder/osf_xjm6z/HEAD?urlpath=rstudio
xwp2d,generic.r,Failed,Container Issue,Package Installation Failure,https://mybinder.org/v2/gh/code-inspect-binder/osf_xwp2d/HEAD?urlpath=rstudio
yc8b5,get_tweets.R,Successful,-,-,https://mybinder.org/v2/gh/code-inspect-binder/osf_yc8b5/HEAD?urlpath=rstudio
yfegm,PREPROC_script_Experiment1.r,Failed,Code Issue,Invalid File or Directory Path,https://mybinder.org/v2/gh/code-inspect-binder/osf_yfegm/HEAD?urlpath=rstudio
yfegm,getObjects.r,Successful,-,-,https://mybinder.org/v2/gh/code-inspect-binder/osf_yfegm/HEAD?urlpath=rstudio
yfegm,allocateTrials.r,Successful,-,-,https://mybinder.org/v2/gh/code-inspect-binder/osf_yfegm/HEAD?urlpath=rstudio
yfegm,getLooks.r,Successful,-,-,https://mybinder.org/v2/gh/code-inspect-binder/osf_yfegm/HEAD?urlpath=rstudio
yvw93,R_code_test_congruence_effects.R,Failed,Container Issue,Missing Package,https://mybinder.org/v2/gh/code-inspect-binder/osf_yvw93/HEAD?urlpath=rstudio
ywm3r,predictability.R,Successful,-,-,https://mybinder.org/v2/gh/code-inspect-binder/osf_ywm3r/HEAD?urlpath=rstudio
ywm3r,Analyses.R,Failed,Container Issue,Missing Package,https://mybinder.org/v2/gh/code-inspect-binder/osf_ywm3r/HEAD?urlpath=rstudio
z6nm8,Stats_figures_JBT.R,Failed,Container Issue,Package Installation Failure,https://mybinder.org/v2/gh/code-inspect-binder/osf_z6nm8/HEAD?urlpath=rstudio
z6nm8,Stats_figures_JBTxECT.R,Failed,Container Issue,Package Installation Failure,https://mybinder.org/v2/gh/code-inspect-binder/osf_z6nm8/HEAD?urlpath=rstudio
z6nm8,Stats_figures_ECT.R,Failed,Container Issue,Package Installation Failure,https://mybinder.org/v2/gh/code-inspect-binder/osf_z6nm8/HEAD?urlpath=rstudio
zcv4m,winke_stevens_2017_rcode.R,Failed,Container Issue,Missing Package,https://mybinder.org/v2/gh/code-inspect-binder/osf_zcv4m/HEAD?urlpath=rstudio
zfqax,Study1_manipulationeffectiveness.R,Failed,Container Issue,Shared Library Load Error,https://mybinder.org/v2/gh/code-inspect-binder/osf_zfqax/HEAD?urlpath=rstudio
zhf98,abstract ratings analysis.r,Failed,Container Issue,File Read Error - Cannot Open Connection,https://mybinder.org/v2/gh/code-inspect-binder/osf_zhf98/HEAD?urlpath=rstudio
ztycp,Schizotypal Ambivalence.R,Failed,Container Issue,Missing Package,https://mybinder.org/v2/gh/code-inspect-binder/osf_ztycp/HEAD?urlpath=rstudio
zv3uc,analysis.R,Failed,Container Issue,System-Level Dependency Missing,https://mybinder.org/v2/gh/code-inspect-binder/osf_zv3uc/HEAD?urlpath=rstudio
n3zfp,Aesthetic-Fidelity-Effect-Statistical Analyses.r,Failed,Container Issue,Missing Package,https://mybinder.org/v2/gh/code-inspect-binder/osf_n3zfp/HEAD?urlpath=rstudio
vtb9e,Sim.Dyad.Model.16.R,Successful,-,-,https://mybinder.org/v2/gh/code-inspect-binder/osf_vtb9e/HEAD?urlpath=rstudio
vtb9e,Sim.Dyad.Model.3.R,Successful,-,-,https://mybinder.org/v2/gh/code-inspect-binder/osf_vtb9e/HEAD?urlpath=rstudio
