Project ID,Failure Stage,Reason
uhma8,File Not Found,Missing or deleted file(s) on OSF
qynhu,File Not Found,Missing or deleted file(s) on OSF
dhmjx,File Not Found,Missing or deleted file(s) on OSF
dh32q,File Not Found,Missing or deleted file(s) on OSF
3aryn,File Not Found,Missing or deleted file(s) on OSF
9vr6q,File Not Found,Missing or deleted file(s) on OSF
mj5nh,File Not Found,Missing or deleted file(s) on OSF
b5ydr,File Not Found,Missing or deleted file(s) on OSF
p46mb,File Not Found,Missing or deleted file(s) on OSF
wyrav,File Not Found,Missing or deleted file(s) on OSF
9jzfr,File Not Found,Missing or deleted file(s) on OSF
7wd8e,File Not Found,Missing or deleted file(s) on OSF
9vn68,File Not Found,Missing or deleted file(s) on OSF
nxyh3,File Not Found,Missing or deleted file(s) on OSF
xuz8d,File Not Found,Missing or deleted file(s) on OSF
q2zrp,File Not Found,Missing or deleted file(s) on OSF
4ya6x,File Not Found,Missing or deleted file(s) on OSF
vy763,File Not Found,Missing or deleted file(s) on OSF
94jyp,File Not Found,Missing or deleted file(s) on OSF
akywf,File Not Found,Missing or deleted file(s) on OSF
y5gr9,File Not Found,Missing or deleted file(s) on OSF
srbcf,File Not Found,Missing or deleted file(s) on OSF
pnug5,File Not Found,Missing or deleted file(s) on OSF
a6tuw,File Not Found,Missing or deleted file(s) on OSF
egpr5,File Not Found,Missing or deleted file(s) on OSF
ujpyn,File Not Found,Missing or deleted file(s) on OSF
dkrhy,File Not Found,Missing or deleted file(s) on OSF
qsa5w,File Not Found,Missing or deleted file(s) on OSF
9gq4a,File Not Found,Missing or deleted file(s) on OSF
975k3,File Not Found,Missing or deleted file(s) on OSF
ajf3h,File Not Found,Missing or deleted file(s) on OSF
6krj7,File Not Found,Missing or deleted file(s) on OSF
b7krz,Container Build Fail,Malformed DESCRIPTION file or missing dependencies
hfy4k,Container Build Fail,Malformed DESCRIPTION file or missing dependencies
gwn4y,Container Build Fail,Malformed DESCRIPTION file or missing dependencies
m72gb,Container Build Fail,Malformed DESCRIPTION file or missing dependencies
hu2n8,Container Build Fail,Malformed DESCRIPTION file or missing dependencies
amd3r,Container Build Fail,Malformed DESCRIPTION file or missing dependencies
yhmbd,Container Build Fail,Malformed DESCRIPTION file or missing dependencies
a8htx,Container Build Fail,Malformed DESCRIPTION file or missing dependencies
u3wby,Container Build Fail,Malformed DESCRIPTION file or missing dependencies
qrvje,Container Build Fail,Malformed DESCRIPTION file or missing dependencies
fdp39,Container Build Fail,Malformed DESCRIPTION file or missing dependencies
ha4q8,Container Build Fail,Malformed DESCRIPTION file or missing dependencies
zh3f4,Container Build Fail,Malformed DESCRIPTION file or missing dependencies
82dqk,Container Build Fail,Malformed DESCRIPTION file or missing dependencies
qjfv4,Container Build Fail,Malformed DESCRIPTION file or missing dependencies
